,name,rating_val,num_of_ratings,percent_would_take_again,diff_level,href
0,Christopher Andrew Ward,2.3,53 ratings,25%,3.7,https://www.ratemyprofessors.com/professor/192772
1,Francesco Ambrogi,5.0,22 ratings,100%,2.6,https://www.ratemyprofessors.com/professor/2877600
2,Thorsten Koeppl,2.0,13 ratings,25%,4.5,https://www.ratemyprofessors.com/professor/2004759
3,Nasrin Yousefi,4.0,9 ratings,78%,2.9,https://www.ratemyprofessors.com/professor/2877511
4,Liangbing  Luo,1.0,1 ratings,0%,N/A,https://www.ratemyprofessors.com/professor/3077702
5,Ping Li,3.4,56 ratings,85%,2.8,https://www.ratemyprofessors.com/professor/110284
6,Blake Steenhoven,5.0,44 ratings,100%,2.3,https://www.ratemyprofessors.com/professor/2722487
7,Ryan Martin,4.5,25 ratings,92%,3.5,https://www.ratemyprofessors.com/professor/821661
8,Philippe Stefano,1.7,21 ratings,16%,3.6,https://www.ratemyprofessors.com/professor/1686076
9,Andrew Grant,3.9,17 ratings,75%,2.8,https://www.ratemyprofessors.com/professor/1179946
10,Brian Ling,5.0,11 ratings,100%,2.3,https://www.ratemyprofessors.com/professor/2668682
11,John Pliniussen,4.5,146 ratings,96%,N/A,https://www.ratemyprofessors.com/professor/48445
12,Yuanzhu Chen,2.9,9 ratings,34%,3.9,https://www.ratemyprofessors.com/professor/2719648
13,Lisa Carver,1.0,4 ratings,0%,4.3,https://www.ratemyprofessors.com/professor/2921130
14,Stephen Larin,3.1,28 ratings,50%,3.7,https://www.ratemyprofessors.com/professor/2412919
15,Ian Strachan,5.0,7 ratings,100%,2.9,https://www.ratemyprofessors.com/professor/2877936
16,Sharon Regan,2.0,179 ratings,19%,3.9,https://www.ratemyprofessors.com/professor/512427
17,Salmoiraghi Federico,2.6,16 ratings,38%,3.8,https://www.ratemyprofessors.com/professor/2944587
18,Ugurhan Gazi Berkok,2.9,96 ratings,50%,3.7,https://www.ratemyprofessors.com/professor/45611
19,Kerah Gordon-Solmon,1.8,24 ratings,14%,3.3,https://www.ratemyprofessors.com/professor/1435112
20,Tiziana Cotechini,3.0,23 ratings,48%,4.2,https://www.ratemyprofessors.com/professor/2713806
21,Jennifer D Stephenson,4.5,21 ratings,100%,2.8,https://www.ratemyprofessors.com/professor/262208
22,Catherine Stinson,1.7,12 ratings,9%,3.3,https://www.ratemyprofessors.com/professor/2690599
23,Andrew Evans,1.5,2 ratings,0%,4.5,https://www.ratemyprofessors.com/professor/2584143
24,Alan Ableson,4.7,362 ratings,98%,2.6,https://www.ratemyprofessors.com/professor/124727
25,Mike Kennedy,2.9,21 ratings,60%,3.5,https://www.ratemyprofessors.com/professor/1544144
26,Leah Sookhoo,4.8,5 ratings,100%,2.6,https://www.ratemyprofessors.com/professor/2960533
27,Erin Meger,1.8,166 ratings,21%,3.6,https://www.ratemyprofessors.com/professor/2823076
28,Gregor Smith,4.7,41 ratings,94%,2.6,https://www.ratemyprofessors.com/professor/115905
29,Leandre R Fabrigar,3.6,97 ratings,48%,3.3,https://www.ratemyprofessors.com/professor/27828
30,Christopher Lohans,4.8,17 ratings,89%,3.2,https://www.ratemyprofessors.com/professor/2584110
31,Lonnie William Aarssen,2.5,81 ratings,29%,3.2,https://www.ratemyprofessors.com/professor/31291
32,Adam K Chippindale,4.3,77 ratings,86%,3.3,https://www.ratemyprofessors.com/professor/168703
33,Hazem Abbas,1.3,65 ratings,5%,4.5,https://www.ratemyprofessors.com/professor/2624201
34,Quinn Albaugh,1.8,59 ratings,24%,3.4,https://www.ratemyprofessors.com/professor/2850303
35,Cynthia Pruss,1.7,46 ratings,16%,3.9,https://www.ratemyprofessors.com/professor/2646967
36,Meghan Norris,1.8,32 ratings,22%,4.5,https://www.ratemyprofessors.com/professor/2369596
37,Katie Coleman,4.8,21 ratings,96%,2.6,https://www.ratemyprofessors.com/professor/2945353
38,Lisa Kerr,3.4,16 ratings,63%,3.4,https://www.ratemyprofessors.com/professor/2201198
39,Dawn Cunningham,4.6,14 ratings,92%,2.5,https://www.ratemyprofessors.com/professor/1966633
40,Jannice Friedman,5.0,13 ratings,100%,2.8,https://www.ratemyprofessors.com/professor/2595130
41,Joe Pagnan,3.3,11 ratings,55%,3.6,https://www.ratemyprofessors.com/professor/2730359
42,Danae Elon,4.4,7 ratings,86%,3.7,https://www.ratemyprofessors.com/professor/2666429
43,S Lougheed,4.8,6 ratings,100%,2.3,https://www.ratemyprofessors.com/professor/1149483
44,Ron Spronk,4.7,6 ratings,100%,3.5,https://www.ratemyprofessors.com/professor/2467814
45,Brian Matthew Frank,3.2,68 ratings,37%,4.1,https://www.ratemyprofessors.com/professor/113319
46,Grahame Renyk,4.5,40 ratings,96%,2.5,https://www.ratemyprofessors.com/professor/769307
47,Cristiana Zaccagnino,3.0,24 ratings,46%,2.5,https://www.ratemyprofessors.com/professor/1538715
48,Craig S Walker,4.3,17 ratings,100%,2.7,https://www.ratemyprofessors.com/professor/71978
49,Pavlo Kalyta,2.3,3 ratings,34%,4.7,https://www.ratemyprofessors.com/professor/2186361
50,Charles Arthur Molson,4.8,147 ratings,97%,2.5,https://www.ratemyprofessors.com/professor/114730
51,Jason Vlahakis,4.3,77 ratings,97%,3.4,https://www.ratemyprofessors.com/professor/1993868
52,Kip Pegley,4.6,73 ratings,77%,2.2,https://www.ratemyprofessors.com/professor/75134
53,Sarah Yakimowski,1.7,54 ratings,17%,N/A,https://www.ratemyprofessors.com/professor/2596712
54,Gene Zak,3.2,47 ratings,63%,N/A,https://www.ratemyprofessors.com/professor/113030
55,Pinar  Tuzcu,1.0,36 ratings,0%,4.8,https://www.ratemyprofessors.com/professor/2932368
56,Janet L Menard,3.9,34 ratings,75%,N/A,https://www.ratemyprofessors.com/professor/238527
57,Susanne M Soederberg,4.1,24 ratings,65%,3.7,https://www.ratemyprofessors.com/professor/443034
58,Paula Lopez,2.8,24 ratings,50%,3.8,https://www.ratemyprofessors.com/professor/2737108
59,Brendon Gurd,2.9,16 ratings,31%,3.4,https://www.ratemyprofessors.com/professor/1990698
60,Shaun Cahill,4.9,16 ratings,94%,2.8,https://www.ratemyprofessors.com/professor/2655921
61,Sharday Mosurinjohn,3.4,8 ratings,63%,2.6,https://www.ratemyprofessors.com/professor/2173931
62,Hesham  ElSawy,4.1,11 ratings,82%,3.6,https://www.ratemyprofessors.com/professor/2939079
63,Paul Duchesne,2.4,8 ratings,25%,3.5,https://www.ratemyprofessors.com/professor/2942147
64,Kevin McEleney,4.8,6 ratings,100%,3.2,https://www.ratemyprofessors.com/professor/3012464
65,Lisa Kelly,5.0,2 ratings,100%,N/A,https://www.ratemyprofessors.com/professor/2779155
66,Ahmad Afsahi,3.6,35 ratings,100%,3.1,https://www.ratemyprofessors.com/professor/35778
67,Yu Hou,3.6,19 ratings,57%,3.4,https://www.ratemyprofessors.com/professor/1914487
68,Kexue Zhang,3.4,14 ratings,65%,2.2,https://www.ratemyprofessors.com/professor/2335461
69,Gauvin Bailey,4.5,66 ratings,90%,3.5,https://www.ratemyprofessors.com/professor/1632992
70,Naraig Manjikian,3.3,46 ratings,53%,2.9,https://www.ratemyprofessors.com/professor/37343
71,James A Mingo,3.2,45 ratings,73%,3.3,https://www.ratemyprofessors.com/professor/87495
72,Cathleen Hoeniger,3.4,22 ratings,84%,3.5,https://www.ratemyprofessors.com/professor/345321
73,Rebecca Manley,4.6,37 ratings,94%,3.1,https://www.ratemyprofessors.com/professor/469534
74,Niya  St. Amant,4.2,10 ratings,80%,1.6,https://www.ratemyprofessors.com/professor/3042136
75,Gordon Dueck,3.3,78 ratings,44%,2.8,https://www.ratemyprofessors.com/professor/36324
76,Anthony Francis D'Elia,3.5,44 ratings,45%,2.8,https://www.ratemyprofessors.com/professor/56999
77,Colin Farrelly,4.1,33 ratings,81%,2.9,https://www.ratemyprofessors.com/professor/1516501
78,Beste Kucukyazici,4.1,13 ratings,77%,3.1,https://www.ratemyprofessors.com/professor/2946882
79,Cory Hinds,4.9,12 ratings,100%,2.3,https://www.ratemyprofessors.com/professor/2953069
80,Robert Hickey,4.9,11 ratings,100%,2.3,https://www.ratemyprofessors.com/professor/2612498
81,Jean Thomas,1.4,8 ratings,13%,3.4,https://www.ratemyprofessors.com/professor/2877622
82,Charlotte Gibson,5.0,5 ratings,100%,N/A,https://www.ratemyprofessors.com/professor/2784842
83,Daniel McNeil,2.7,3 ratings,34%,3.3,https://www.ratemyprofessors.com/professor/2959131
84,Nicole Berube,5.0,1 ratings,100%,N/A,https://www.ratemyprofessors.com/professor/2872290
85,Norman Vorano,2.0,1 ratings,0%,N/A,https://www.ratemyprofessors.com/professor/2671310
86,Fabio Colivicchi,4.5,51 ratings,100%,1.9,https://www.ratemyprofessors.com/professor/1155046
87,Mary-Jo Maur,2.7,17 ratings,34%,3.2,https://www.ratemyprofessors.com/professor/1770359
88,Jeremy Butler,4.9,14 ratings,100%,2.1,https://www.ratemyprofessors.com/professor/2722947
89,Amarnath Amarasingam,4.9,70 ratings,100%,2.5,https://www.ratemyprofessors.com/professor/2505362
90,Mark Smith,4.3,53 ratings,74%,2.8,https://www.ratemyprofessors.com/professor/170748
91,Jordan Poppenk,4.0,46 ratings,67%,3.7,https://www.ratemyprofessors.com/professor/1919391
92,Elizabeth Baisley,1.6,17 ratings,12%,3.8,https://www.ratemyprofessors.com/professor/2759620
93,Jennifer Carpenter,2.9,10 ratings,40%,N/A,https://www.ratemyprofessors.com/professor/2506719
94,Elizabeth Joanne Archibald,5.0,1 ratings,100%,N/A,https://www.ratemyprofessors.com/professor/3073500
95,Angela Facundo,4.8,16 ratings,100%,3.2,https://www.ratemyprofessors.com/professor/2630548
96,Burton Ma,3.0,54 ratings,60%,3.5,https://www.ratemyprofessors.com/professor/2636674
97,John Burge,3.5,33 ratings,31%,3.3,https://www.ratemyprofessors.com/professor/155962
98,Nicole Beamish,1.4,18 ratings,6%,4.2,https://www.ratemyprofessors.com/professor/2893473
99,Fauzia Husain,3.8,4 ratings,75%,N/A,https://www.ratemyprofessors.com/professor/3030493
100,Donald Maurice,1.0,1 ratings,0%,N/A,https://www.ratemyprofessors.com/professor/2402287
101,Steven J Maynard,3.8,85 ratings,83%,3.2,https://www.ratemyprofessors.com/professor/475317
102,Gregory Wanless,3.5,31 ratings,67%,2.3,https://www.ratemyprofessors.com/professor/31208
103,Cynthia Tormann,3.9,17 ratings,84%,2.3,https://www.ratemyprofessors.com/professor/73418
104,Bahman Gharesifard,5.0,11 ratings,100%,2.5,https://www.ratemyprofessors.com/professor/1976676
105,Eugene Lang,4.1,10 ratings,80%,3.4,https://www.ratemyprofessors.com/professor/2576772
106,Matthew James,2.0,6 ratings,17%,4.3,https://www.ratemyprofessors.com/professor/2872401
107,Wayne S Cox,3.9,83 ratings,80%,3.4,https://www.ratemyprofessors.com/professor/35412
108,Eleanor MacDonald,4.8,47 ratings,100%,N/A,https://www.ratemyprofessors.com/professor/120901
109,Felix Fosu,2.5,13 ratings,39%,3.5,https://www.ratemyprofessors.com/professor/2999764
110,Jonathan Smallwood,2.3,3 ratings,34%,4.3,https://www.ratemyprofessors.com/professor/2687065
111,Noriko Yui,2.8,29 ratings,32%,3.5,https://www.ratemyprofessors.com/professor/146694
112,Maria Chiri,4.3,6 ratings,84%,3.3,https://www.ratemyprofessors.com/professor/2960632
113,James Stotz,1.6,5 ratings,20%,4.6,https://www.ratemyprofessors.com/professor/2341870
114,Jacoba Lilius,5.0,7 ratings,100%,2.7,https://www.ratemyprofessors.com/professor/2667964
115,Kevin De France,5.0,2 ratings,100%,1.5,https://www.ratemyprofessors.com/professor/2893665
116,Ming Xu,3.5,2 ratings,50%,3.5,https://www.ratemyprofessors.com/professor/2964079
117,Sarah Burrows,1.0,1 ratings,0%,N/A,https://www.ratemyprofessors.com/professor/3072356
118,Guy M Narbonne,4.7,76 ratings,91%,2.7,https://www.ratemyprofessors.com/professor/90828
119,Felicia  Magpantay,1.4,15 ratings,7%,4.8,https://www.ratemyprofessors.com/professor/2948306
120,François Rouget,3.3,15 ratings,55%,2.7,https://www.ratemyprofessors.com/professor/1826363
121,Christine Armstrong,2.7,3 ratings,67%,2.3,https://www.ratemyprofessors.com/professor/2747608
122,Holly Ogden,4.8,24 ratings,96%,1.6,https://www.ratemyprofessors.com/professor/2340837
123,Evan Jo,1.9,79 ratings,17%,4.2,https://www.ratemyprofessors.com/professor/3054520
124,Bernard Kavanagh,3.4,63 ratings,55%,3.4,https://www.ratemyprofessors.com/professor/11638
125,Sergio Sismondo,4.2,61 ratings,79%,3.3,https://www.ratemyprofessors.com/professor/49595
126,Troy Day,3.9,53 ratings,70%,3.4,https://www.ratemyprofessors.com/professor/429185
127,Sumon Majumdar,4.1,22 ratings,75%,3.1,https://www.ratemyprofessors.com/professor/23860
128,Johanne Benard,3.9,15 ratings,80%,N/A,https://www.ratemyprofessors.com/professor/218949
129,Diane Orihel,1.9,7 ratings,15%,3.6,https://www.ratemyprofessors.com/professor/2581132
130,Jana Dunfield,4.2,15 ratings,87%,2.7,https://www.ratemyprofessors.com/professor/2431607
131,Ian Janssen,2.7,13 ratings,50%,3.5,https://www.ratemyprofessors.com/professor/1468447
132,Robert May,2.9,51 ratings,22%,3.7,https://www.ratemyprofessors.com/professor/300048
133,Jeffrey Wammes,4.3,30 ratings,80%,N/A,https://www.ratemyprofessors.com/professor/2712590
134,Nicole Myers,4.3,8 ratings,88%,3.9,https://www.ratemyprofessors.com/professor/2451198
135,Sara Nabil,1.0,5 ratings,0%,3.6,https://www.ratemyprofessors.com/professor/2781605
136,Julia Brook,4.6,4 ratings,100%,1.5,https://www.ratemyprofessors.com/professor/1803122
137,Farnaz  Heidar-Zadeh,2.5,2 ratings,0%,2.5,https://www.ratemyprofessors.com/professor/2854695
138,Jason Harris,1.0,1 ratings,0%,N/A,https://www.ratemyprofessors.com/professor/3071606
139,Wendy L Powley,3.3,66 ratings,57%,2.7,https://www.ratemyprofessors.com/professor/163799
140,David Haglund,2.6,42 ratings,31%,N/A,https://www.ratemyprofessors.com/professor/39614
141,Catherine Pfaff,2.9,27 ratings,47%,3.7,https://www.ratemyprofessors.com/professor/2578171
142,Tomilola Adebiyi,5.0,1 ratings,100%,N/A,https://www.ratemyprofessors.com/professor/2915174
143,Azouz Ahmed,3.0,20 ratings,48%,2.4,https://www.ratemyprofessors.com/professor/2053528
144,Laura Thomson,5.0,2 ratings,100%,2.5,https://www.ratemyprofessors.com/professor/3018013
145,Paul Calluzzo,4.3,7 ratings,84%,N/A,https://www.ratemyprofessors.com/professor/2095892
146,Douglas Reid,3.5,41 ratings,34%,N/A,https://www.ratemyprofessors.com/professor/18865
147,Devon Lin,2.5,16 ratings,29%,3.8,https://www.ratemyprofessors.com/professor/1457961
148,Jan Sneep,1.2,48 ratings,5%,3.7,https://www.ratemyprofessors.com/professor/2569401
149,Zachary Selk,3.5,2 ratings,50%,N/A,https://www.ratemyprofessors.com/professor/2978676
150,Kai T Salomaa,2.9,62 ratings,42%,3.3,https://www.ratemyprofessors.com/professor/30787
151,Christian Muise,4.4,28 ratings,90%,2.3,https://www.ratemyprofessors.com/professor/2656597
152,Valerie Bartlett,2.5,19 ratings,32%,3.2,https://www.ratemyprofessors.com/professor/2546163
153,Antonio Nicaso,4.4,16 ratings,82%,1.9,https://www.ratemyprofessors.com/professor/2241134
154,Ian Robinson,2.6,14 ratings,50%,3.3,https://www.ratemyprofessors.com/professor/2474302
155,John Carran,3.6,139 ratings,62%,3.6,https://www.ratemyprofessors.com/professor/1072423
156,Ling Yang,1.5,26 ratings,8%,4.3,https://www.ratemyprofessors.com/professor/2569567
157,Michael A Adams,4.5,12 ratings,100%,2.8,https://www.ratemyprofessors.com/professor/12719
158,Jim Hamilton,4.2,11 ratings,73%,3.5,https://www.ratemyprofessors.com/professor/2269974
159,Melissa  Greeff,2.0,1 ratings,0%,N/A,https://www.ratemyprofessors.com/professor/3048226
160,Jonathan W Rose,4.1,134 ratings,77%,2.9,https://www.ratemyprofessors.com/professor/27437
161,Hans Christian Dringenberg,4.7,107 ratings,80%,2.5,https://www.ratemyprofessors.com/professor/27640
162,Anne Topper,4.2,93 ratings,74%,2.9,https://www.ratemyprofessors.com/professor/55789
163,Elizabeth Kelley,2.2,52 ratings,25%,3.6,https://www.ratemyprofessors.com/professor/1048789
164,Francesca Fiore,4.2,22 ratings,75%,3.5,https://www.ratemyprofessors.com/professor/1734688
165,Gang Wu,2.6,15 ratings,27%,3.4,https://www.ratemyprofessors.com/professor/2423766
166,Pouya Amiri,3.4,5 ratings,80%,2.6,https://www.ratemyprofessors.com/professor/2963947
167,Kyla Tienhaara,3.0,4 ratings,50%,2.8,https://www.ratemyprofessors.com/professor/2864080
168,Somi Narayanan,3.7,190 ratings,59%,3.6,https://www.ratemyprofessors.com/professor/15759
169,Paul Allison,4.5,50 ratings,94%,3.1,https://www.ratemyprofessors.com/professor/2396361
170,Paul Gardner,3.1,14 ratings,65%,3.2,https://www.ratemyprofessors.com/professor/2759611
171,Omar Bachour,5.0,9 ratings,100%,2.3,https://www.ratemyprofessors.com/professor/2898467
172,Laura Cameron,3.7,17 ratings,84%,2.2,https://www.ratemyprofessors.com/professor/166186
173,Rosemary Brander,2.1,10 ratings,30%,3.6,https://www.ratemyprofessors.com/professor/2669884
174,Kristen Lowitt,3.1,8 ratings,50%,2.5,https://www.ratemyprofessors.com/professor/2762158
175,Christopher Omelon,3.9,7 ratings,86%,3.3,https://www.ratemyprofessors.com/professor/2882028
176,Jenson Price,1.2,5 ratings,0%,4.8,https://www.ratemyprofessors.com/professor/3059964
177,Eric Chalfant,3.5,4 ratings,50%,3.3,https://www.ratemyprofessors.com/professor/3041337
178,Robert Campbell,3.7,17 ratings,50%,3.4,https://www.ratemyprofessors.com/professor/1664723
179,Allen C Head,4.6,10 ratings,100%,2.8,https://www.ratemyprofessors.com/professor/241114
180,Stephen Thomas,4.9,9 ratings,100%,2.2,https://www.ratemyprofessors.com/professor/2748005
181,Masoum Mosmer,4.7,3 ratings,100%,3.7,https://www.ratemyprofessors.com/professor/2825426
182,David A McDonald,4.3,33 ratings,84%,N/A,https://www.ratemyprofessors.com/professor/167770
183,Jan Mennell,3.2,17 ratings,0%,2.4,https://www.ratemyprofessors.com/professor/38294
184,Sue Haywood,1.5,14 ratings,8%,3.9,https://www.ratemyprofessors.com/professor/2704181
185,Sidney Givigi,3.6,8 ratings,63%,3.8,https://www.ratemyprofessors.com/professor/2690325
186,Bhargav Gopal,2.0,8 ratings,38%,2.9,https://www.ratemyprofessors.com/professor/2962436
187,Joshua  Marshall,5.0,1 ratings,100%,N/A,https://www.ratemyprofessors.com/professor/3065282
188,Adam Cotton,4.9,56 ratings,99%,2.9,https://www.ratemyprofessors.com/professor/2282676
189,Shahram Yousefi,4.3,52 ratings,0%,3.1,https://www.ratemyprofessors.com/professor/137661
190,Gabrielle S McIntire,4.5,21 ratings,100%,3.3,https://www.ratemyprofessors.com/professor/413808
191,Amanda Bongers,3.2,12 ratings,59%,3.3,https://www.ratemyprofessors.com/professor/2613232
192,Christopher Kennedy,1.6,8 ratings,0%,4.1,https://www.ratemyprofessors.com/professor/3022178
193,Brooke Cameron,5.0,7 ratings,100%,2.9,https://www.ratemyprofessors.com/professor/2786231
194,Yolande Book,3.0,4 ratings,25%,3.8,https://www.ratemyprofessors.com/professor/2591264
195,Samir Mohammad,2.4,58 ratings,37%,3.5,https://www.ratemyprofessors.com/professor/2519228
196,Ruth Wehlau,3.4,35 ratings,75%,3.3,https://www.ratemyprofessors.com/professor/39722
197,Yuan Tian,2.6,33 ratings,46%,4.1,https://www.ratemyprofessors.com/professor/2684452
198,George diCenzo,2.9,32 ratings,50%,3.6,https://www.ratemyprofessors.com/professor/2646648
199,Diane Beauchemin,2.3,29 ratings,0%,3.9,https://www.ratemyprofessors.com/professor/74970
200,Molly Wallace,2.9,27 ratings,15%,3.2,https://www.ratemyprofessors.com/professor/1114695
201,Douglas A Archibald,2.1,24 ratings,34%,3.8,https://www.ratemyprofessors.com/professor/221426
202,Bradley J Diak,4.0,17 ratings,80%,3.1,https://www.ratemyprofessors.com/professor/113015
203,Cherie Metcalf,3.7,14 ratings,75%,3.4,https://www.ratemyprofessors.com/professor/706457
204,Fady Alajaji,4.2,9 ratings,67%,2.9,https://www.ratemyprofessors.com/professor/1748555
205,Nicolle Domnik,3.3,8 ratings,63%,N/A,https://www.ratemyprofessors.com/professor/2234052
206,Ronjaunee Chatterjee,4.3,3 ratings,67%,2.7,https://www.ratemyprofessors.com/professor/2870256
207,Veronika Kratz,5.0,3 ratings,100%,2.3,https://www.ratemyprofessors.com/professor/3011855
208,Vera Vine,2.0,2 ratings,0%,4.5,https://www.ratemyprofessors.com/professor/2827668
209,Mark Stoller,5.0,1 ratings,100%,N/A,https://www.ratemyprofessors.com/professor/3040034
210,Gregory Libitz,4.3,38 ratings,91%,2.5,https://www.ratemyprofessors.com/professor/1610348
211,Michael Barber,4.5,30 ratings,87%,N/A,https://www.ratemyprofessors.com/professor/2284258
212,Elaine Power,4.4,25 ratings,88%,1.9,https://www.ratemyprofessors.com/professor/883314
213,Monica Castelhano,3.7,19 ratings,59%,3.3,https://www.ratemyprofessors.com/professor/1372518
214,Michael Tschakovsky,3.7,9 ratings,67%,3.2,https://www.ratemyprofessors.com/professor/167777
215,Jillian O'Connor,3.3,4 ratings,50%,3.3,https://www.ratemyprofessors.com/professor/2752343
216,Jordan Shurr,1.0,3 ratings,0%,N/A,https://www.ratemyprofessors.com/professor/3011866
217,Diane Tomalty,4.5,2 ratings,100%,N/A,https://www.ratemyprofessors.com/professor/2962580
218,Ian James Cromb,3.6,111 ratings,34%,3.1,https://www.ratemyprofessors.com/professor/27807
219,Ian Keay,4.4,42 ratings,85%,2.8,https://www.ratemyprofessors.com/professor/29542
220,Huw Lloyd-Ellis,4.2,22 ratings,100%,N/A,https://www.ratemyprofessors.com/professor/70204
221,Ruqu Wang,4.5,16 ratings,89%,N/A,https://www.ratemyprofessors.com/professor/103779
222,Kevin Stamplecoskie,4.5,13 ratings,85%,2.9,https://www.ratemyprofessors.com/professor/2244807
223,Prameet Sheth,4.6,13 ratings,85%,3.5,https://www.ratemyprofessors.com/professor/2664114
224,Diana Manole,3.4,11 ratings,50%,3.2,https://www.ratemyprofessors.com/professor/931977
225,Graeme Howe,4.9,9 ratings,100%,3.3,https://www.ratemyprofessors.com/professor/2613988
226,Brooke Linden,5.0,1 ratings,100%,N/A,https://www.ratemyprofessors.com/professor/3067890
227,Lonnie Aarsen,3.0,1 ratings,100%,N/A,https://www.ratemyprofessors.com/professor/2644117
228,Gabriel Ciccarelli,3.7,43 ratings,46%,3.6,https://www.ratemyprofessors.com/professor/113016
229,Melissa Houghtaling,3.6,30 ratings,70%,N/A,https://www.ratemyprofessors.com/professor/2114970
230,Chris Moyes,1.8,113 ratings,9%,4.2,https://www.ratemyprofessors.com/professor/168708
231,Saeed Gazor,2.3,50 ratings,5%,3.7,https://www.ratemyprofessors.com/professor/35398
232,Kesha  Fevrier,2.5,4 ratings,25%,N/A,https://www.ratemyprofessors.com/professor/2933604
233,Steven Moore,4.6,24 ratings,86%,2.3,https://www.ratemyprofessors.com/professor/1220126
234,Arthi Chinna-Meyyappan,3.5,10 ratings,60%,3.9,https://www.ratemyprofessors.com/professor/2766817
235,Graham Whitelaw,4.6,10 ratings,100%,2.5,https://www.ratemyprofessors.com/professor/1117462
236,Aditi Sen-Chowdhury,4.1,30 ratings,81%,2.3,https://www.ratemyprofessors.com/professor/1734962
237,Richard Linley,4.4,26 ratings,82%,2.3,https://www.ratemyprofessors.com/professor/15760
238,Matthew Robertson,3.0,4 ratings,50%,2.5,https://www.ratemyprofessors.com/professor/2841703
239,Maria Aristizabal,2.5,2 ratings,50%,3.5,https://www.ratemyprofessors.com/professor/2932513
240,Richard W I Brachman,2.4,33 ratings,0%,4.1,https://www.ratemyprofessors.com/professor/113017
241,Beverly Lapham,4.2,26 ratings,79%,3.2,https://www.ratemyprofessors.com/professor/39559
242,Stephanie Wright,2.0,1 ratings,0%,N/A,https://www.ratemyprofessors.com/professor/3047679
243,Anwar Hossain,1.2,9 ratings,0%,3.9,https://www.ratemyprofessors.com/professor/2862662
244,Bram Adams,4.0,1 ratings,0%,N/A,https://www.ratemyprofessors.com/professor/2851052
245,Shobhana Xavier,3.6,13 ratings,54%,3.9,https://www.ratemyprofessors.com/professor/2413284
246,Judith A Irwin,2.5,26 ratings,0%,3.5,https://www.ratemyprofessors.com/professor/167751
247,Kayll W Lake,4.3,18 ratings,100%,4.1,https://www.ratemyprofessors.com/professor/35145
248,Rosanne Currarino,4.0,12 ratings,42%,N/A,https://www.ratemyprofessors.com/professor/2614631
249,Joseph Oliverio,3.3,4 ratings,50%,3.8,https://www.ratemyprofessors.com/professor/2452879
250,Gary Kibbins,2.9,30 ratings,73%,2.3,https://www.ratemyprofessors.com/professor/364558
251,Tandy Thomas,3.7,3 ratings,67%,N/A,https://www.ratemyprofessors.com/professor/2999066
252,Jeanne Mulder,3.9,10 ratings,80%,2.8,https://www.ratemyprofessors.com/professor/2668681
253,Monika Holzschuh Sator,4.8,13 ratings,84%,1.8,https://www.ratemyprofessors.com/professor/1407337
254,Jurate Kaminska,2.7,3 ratings,0%,3.3,https://www.ratemyprofessors.com/professor/1324761
255,Peter D Taylor,4.8,119 ratings,95%,2.5,https://www.ratemyprofessors.com/professor/29875
256,Marc Dignam,4.3,13 ratings,60%,3.2,https://www.ratemyprofessors.com/professor/1336635
257,Sarah Sadavoy,4.9,9 ratings,100%,3.3,https://www.ratemyprofessors.com/professor/2581683
258,Christine Grossutti,3.3,4 ratings,50%,2.8,https://www.ratemyprofessors.com/professor/2693653
259,Stephan Dobri,2.3,3 ratings,34%,N/A,https://www.ratemyprofessors.com/professor/2791994
260,Boris Levit,2.9,18 ratings,55%,2.8,https://www.ratemyprofessors.com/professor/146686
261,Beatrice Poletti,4.8,12 ratings,100%,3.1,https://www.ratemyprofessors.com/professor/2523582
262,Claudio Palomares-Salas,4.6,11 ratings,91%,2.4,https://www.ratemyprofessors.com/professor/2673200
263,Marcos Lee,2.5,2 ratings,50%,2.5,https://www.ratemyprofessors.com/professor/3060055
264,Dan Vena,4.8,36 ratings,95%,3.1,https://www.ratemyprofessors.com/professor/2341438
265,David Parker,4.0,27 ratings,84%,3.3,https://www.ratemyprofessors.com/professor/222150
266,Meredith Chivers,2.9,26 ratings,37%,3.6,https://www.ratemyprofessors.com/professor/1431374
267,Lucie Levesque,4.2,23 ratings,67%,3.2,https://www.ratemyprofessors.com/professor/497713
268,Beth Kelley,3.5,11 ratings,20%,2.9,https://www.ratemyprofessors.com/professor/1087773
269,Pushparaj Pathak,1.0,11 ratings,0%,4.6,https://www.ratemyprofessors.com/professor/3049181
270,Dan Cohen,4.0,3 ratings,100%,2.7,https://www.ratemyprofessors.com/professor/2896392
271,Stephen Baron,3.7,121 ratings,68%,3.1,https://www.ratemyprofessors.com/professor/76374
272,Alex Tait,1.5,77 ratings,12%,4.5,https://www.ratemyprofessors.com/professor/2860701
273,Ivan Dimitrov,3.5,33 ratings,58%,3.6,https://www.ratemyprofessors.com/professor/428807
274,James A Stewart,3.1,26 ratings,45%,4.4,https://www.ratemyprofessors.com/professor/103736
275,Francesco Cellarosi,4.8,25 ratings,95%,3.4,https://www.ratemyprofessors.com/professor/2046022
276,Tucker Carrington,2.5,15 ratings,45%,4.7,https://www.ratemyprofessors.com/professor/1299288
277,David Nguyen,5.0,8 ratings,100%,1.9,https://www.ratemyprofessors.com/professor/3032389
278,Terence Ozolins,4.3,4 ratings,67%,N/A,https://www.ratemyprofessors.com/professor/1843404
279,Laura van Staalduinen,4.5,13 ratings,93%,2.8,https://www.ratemyprofessors.com/professor/2172964
280,Laurie Kerr,5.0,6 ratings,100%,3.3,https://www.ratemyprofessors.com/professor/760897
281,Kate Kelsey,1.0,4 ratings,0%,4.8,https://www.ratemyprofessors.com/professor/3060712
282,Jacquelyn Draper,5.0,1 ratings,100%,N/A,https://www.ratemyprofessors.com/professor/3060074
283,Leslie W MacKenzie,4.6,63 ratings,91%,3.1,https://www.ratemyprofessors.com/professor/53027
284,Matthew S Thompson,4.6,27 ratings,100%,2.8,https://www.ratemyprofessors.com/professor/487116
285,Natalie Wagner,2.7,15 ratings,40%,2.9,https://www.ratemyprofessors.com/professor/2678543
286,Valerie Ann Kuhlmeier,4.8,23 ratings,100%,2.7,https://www.ratemyprofessors.com/professor/446255
287,Hugo Choquette,4.1,18 ratings,78%,2.8,https://www.ratemyprofessors.com/professor/2318975
288,Eric Knutsen,4.5,2 ratings,100%,N/A,https://www.ratemyprofessors.com/professor/1425693
289,Nancy Salay,3.7,35 ratings,69%,3.1,https://www.ratemyprofessors.com/professor/771516
290,Leonid Trofimov,4.8,8 ratings,100%,3.1,https://www.ratemyprofessors.com/professor/2195062
291,Kanji Nakatsu,4.6,4 ratings,100%,2.8,https://www.ratemyprofessors.com/professor/445467
292,Habibe Baba,1.9,31 ratings,17%,2.9,https://www.ratemyprofessors.com/professor/2249938
293,Nailin Bu,4.0,26 ratings,88%,N/A,https://www.ratemyprofessors.com/professor/322755
294,Trish Salah,3.6,7 ratings,58%,3.4,https://www.ratemyprofessors.com/professor/2293743
295,Ron Porter,2.3,6 ratings,67%,3.8,https://www.ratemyprofessors.com/professor/1111219
296,Erica Pimentel,5.0,3 ratings,100%,N/A,https://www.ratemyprofessors.com/professor/2780337
297,Kilian  Atuoye,4.5,2 ratings,100%,N/A,https://www.ratemyprofessors.com/professor/2988348
298,Paul Roman,3.3,19 ratings,53%,3.6,https://www.ratemyprofessors.com/professor/2095886
299,Randall Ellis,2.9,16 ratings,44%,3.8,https://www.ratemyprofessors.com/professor/2336843
300,Daryn Lehoux,4.4,10 ratings,100%,2.8,https://www.ratemyprofessors.com/professor/1760642
301,Meena Krishnamurthy,4.3,6 ratings,84%,2.3,https://www.ratemyprofessors.com/professor/2755826
302,Christopher Bennett,4.3,3 ratings,67%,N/A,https://www.ratemyprofessors.com/professor/2787263
303,Michael J Mombourquette,3.4,125 ratings,65%,2.8,https://www.ratemyprofessors.com/professor/10115
304,Marc Epprecht,1.9,37 ratings,9%,3.2,https://www.ratemyprofessors.com/professor/167210
305,Hongfei Sun,1.8,25 ratings,34%,N/A,https://www.ratemyprofessors.com/professor/1117625
306,Anthony J Noble,4.5,24 ratings,100%,2.9,https://www.ratemyprofessors.com/professor/239535
307,Serdar Yuksel,3.7,9 ratings,75%,4.3,https://www.ratemyprofessors.com/professor/1920956
308,Jan-Mathieu Carbon,3.9,8 ratings,63%,3.3,https://www.ratemyprofessors.com/professor/2657993
309,Aphra Rogers,2.3,6 ratings,34%,3.7,https://www.ratemyprofessors.com/professor/2460382
310,Geoff Pond,5.0,4 ratings,100%,3.8,https://www.ratemyprofessors.com/professor/2690975
311,Calvin Fletcher,1.0,1 ratings,0%,N/A,https://www.ratemyprofessors.com/professor/3057963
312,Myron Szewczuk,2.6,32 ratings,50%,3.3,https://www.ratemyprofessors.com/professor/30115
313,Michele Morningstar,3.9,10 ratings,70%,3.4,https://www.ratemyprofessors.com/professor/2678116
314,Levente Balogh,4.0,6 ratings,67%,2.3,https://www.ratemyprofessors.com/professor/2839884
315,Mark Hostetler,3.3,8 ratings,50%,N/A,https://www.ratemyprofessors.com/professor/2203465
316,Jorge Legoas,3.1,7 ratings,58%,2.7,https://www.ratemyprofessors.com/professor/2617529
317,Roseanne Currarino,4.4,31 ratings,100%,2.9,https://www.ratemyprofessors.com/professor/83228
318,Nikta Sadati,5.0,1 ratings,100%,N/A,https://www.ratemyprofessors.com/professor/3054904
319,Ariel Salzmann,2.3,129 ratings,37%,3.1,https://www.ratemyprofessors.com/professor/253437
320,Scott Morgensen,3.8,13 ratings,67%,2.9,https://www.ratemyprofessors.com/professor/1535924
321,Joanne Rotermundt-De La Parra,4.1,53 ratings,80%,2.3,https://www.ratemyprofessors.com/professor/826805
322,Caroline F Pukall,3.7,34 ratings,65%,3.5,https://www.ratemyprofessors.com/professor/241630
323,DAvid Hauser,4.7,27 ratings,93%,2.8,https://www.ratemyprofessors.com/professor/2467879
324,Jason Gallivan,4.5,16 ratings,94%,3.4,https://www.ratemyprofessors.com/professor/2272662
325,Aris Docoslis,4.1,13 ratings,100%,2.9,https://www.ratemyprofessors.com/professor/165909
326,Dalal Daoud,3.1,11 ratings,55%,3.3,https://www.ratemyprofessors.com/professor/2676105
327,Christopher G Eckert,4.2,80 ratings,86%,3.4,https://www.ratemyprofessors.com/professor/55018
328,Ian D Chin-Sang,4.3,55 ratings,67%,2.8,https://www.ratemyprofessors.com/professor/225261
329,Max Antonio Lizano,4.3,38 ratings,100%,2.7,https://www.ratemyprofessors.com/professor/327416
330,William George Bendena,3.8,32 ratings,67%,2.9,https://www.ratemyprofessors.com/professor/225248
331,Erin Webster,3.6,25 ratings,73%,3.2,https://www.ratemyprofessors.com/professor/1987466
332,Joshua Mozersky,4.2,21 ratings,75%,2.9,https://www.ratemyprofessors.com/professor/309556
333,Carolyn Lamb,2.7,19 ratings,48%,2.2,https://www.ratemyprofessors.com/professor/2480112
334,Nancy Butler,3.4,9 ratings,67%,3.3,https://www.ratemyprofessors.com/professor/1994159
335,Emmanuel Ampomah,1.0,1 ratings,0%,N/A,https://www.ratemyprofessors.com/professor/3052964
336,Wenjue Knutsen,1.3,13 ratings,8%,3.7,https://www.ratemyprofessors.com/professor/2446751
337,Fan Lu,5.0,6 ratings,100%,2.8,https://www.ratemyprofessors.com/professor/2634903
338,Sidney Eve Matrix,3.8,132 ratings,80%,2.9,https://www.ratemyprofessors.com/professor/956316
339,Leslie Ritchie,3.7,36 ratings,67%,3.5,https://www.ratemyprofessors.com/professor/1523817
340,Jan Zabojnik,3.4,26 ratings,38%,3.3,https://www.ratemyprofessors.com/professor/1169113
341,Hilary Machan,1.3,4 ratings,0%,4.3,https://www.ratemyprofessors.com/professor/2627099
342,Laurent Seroude,2.3,62 ratings,27%,4.3,https://www.ratemyprofessors.com/professor/87503
343,Jon Miller,4.1,44 ratings,81%,N/A,https://www.ratemyprofessors.com/professor/89546
344,Myra Hird,2.3,42 ratings,17%,N/A,https://www.ratemyprofessors.com/professor/467292
345,Mark S Diederichs,4.4,35 ratings,80%,2.7,https://www.ratemyprofessors.com/professor/163769
346,Bronwyn Bjorkman,4.6,19 ratings,95%,3.1,https://www.ratemyprofessors.com/professor/2093552
347,Robin Harrap,4.6,7 ratings,100%,2.9,https://www.ratemyprofessors.com/professor/1267896
348,Christiane Arndt,5.0,1 ratings,100%,N/A,https://www.ratemyprofessors.com/professor/2890474
349,Donato Santeramo,4.0,30 ratings,34%,2.6,https://www.ratemyprofessors.com/professor/38999
350,Jakob Straznicky,5.0,1 ratings,100%,N/A,https://www.ratemyprofessors.com/professor/3050204
351,Duncan Hunter,5.0,1 ratings,100%,N/A,https://www.ratemyprofessors.com/professor/3049631
352,Amy Latimer-Cheung,1.2,5 ratings,0%,N/A,https://www.ratemyprofessors.com/professor/2623994
353,Bita Amani,2.3,31 ratings,0%,3.6,https://www.ratemyprofessors.com/professor/287245
354,Rachel Law,1.7,9 ratings,12%,N/A,https://www.ratemyprofessors.com/professor/2784925
355,Joseph Bramante,5.0,2 ratings,100%,N/A,https://www.ratemyprofessors.com/professor/3031694
356,Antonio Macedo,2.7,6 ratings,34%,3.7,https://www.ratemyprofessors.com/professor/2313665
357,Gabriel Menotti,1.0,1 ratings,0%,N/A,https://www.ratemyprofessors.com/professor/2792254
358,Danielle LaGrone,4.5,2 ratings,100%,1.5,https://www.ratemyprofessors.com/professor/2782405
359,Giselle Valarezo,4.0,5 ratings,100%,N/A,https://www.ratemyprofessors.com/professor/1695860
360,Wu Gang,4.0,3 ratings,67%,N/A,https://www.ratemyprofessors.com/professor/2454654
361,Steve Lehrer,2.9,19 ratings,50%,4.2,https://www.ratemyprofessors.com/professor/852596
362,Dia Da Costa,3.2,11 ratings,34%,4.1,https://www.ratemyprofessors.com/professor/1050302
363,Alicia  Papanicolaou,5.0,1 ratings,100%,N/A,https://www.ratemyprofessors.com/professor/2983854
364,Anne Petitjean,3.8,32 ratings,79%,4.2,https://www.ratemyprofessors.com/professor/649362
365,Adele Mercier,3.5,44 ratings,46%,3.2,https://www.ratemyprofessors.com/professor/89545
366,Amitava Chowdhury,4.8,32 ratings,100%,2.6,https://www.ratemyprofessors.com/professor/1427559
367,Marcus Taylor,4.8,21 ratings,94%,2.9,https://www.ratemyprofessors.com/professor/901082
368,Brigitte Eleonore Bachmann,4.2,13 ratings,63%,N/A,https://www.ratemyprofessors.com/professor/876872
369,Blair Robertson,3.4,17 ratings,57%,3.9,https://www.ratemyprofessors.com/professor/2027650
370,Lisa Guenther,5.0,5 ratings,100%,2.8,https://www.ratemyprofessors.com/professor/2412243
371,Paul Martin,4.4,9 ratings,86%,N/A,https://www.ratemyprofessors.com/professor/1251999
372,Xiaying Xin,5.0,3 ratings,100%,1.7,https://www.ratemyprofessors.com/professor/2994941
373,Yuxiang S Wang,3.1,21 ratings,0%,3.2,https://www.ratemyprofessors.com/professor/168704
374,Na'Ama Haklai,4.9,7 ratings,100%,2.3,https://www.ratemyprofessors.com/professor/1166070
375,Jane Tyerman,3.2,16 ratings,38%,3.6,https://www.ratemyprofessors.com/professor/760903
376,Emily Hill,2.9,52 ratings,60%,2.8,https://www.ratemyprofessors.com/professor/13264
377,Christopher Ferrall,1.5,14 ratings,0%,4.4,https://www.ratemyprofessors.com/professor/1434240
378,Bhavin Shastri,4.3,4 ratings,75%,3.8,https://www.ratemyprofessors.com/professor/2549416
379,Amr Mohamed,5.0,1 ratings,100%,N/A,https://www.ratemyprofessors.com/professor/3034064
380,Paul Fairfield,3.9,75 ratings,67%,2.9,https://www.ratemyprofessors.com/professor/225399
381,Xuelin Bai,4.4,22 ratings,100%,3.5,https://www.ratemyprofessors.com/professor/81009
382,Amir Ghorbani,1.4,19 ratings,16%,4.1,https://www.ratemyprofessors.com/professor/2985993
383,Rajni Dogra,1.5,8 ratings,13%,4.5,https://www.ratemyprofessors.com/professor/2840716
384,Susan E Brodt,2.4,13 ratings,0%,N/A,https://www.ratemyprofessors.com/professor/409891
385,Mark Jones,1.7,97 ratings,4%,2.4,https://www.ratemyprofessors.com/professor/18609
386,Consuelo Kani,3.9,18 ratings,58%,N/A,https://www.ratemyprofessors.com/professor/605594
387,Ms. Dianne Baird,2.2,3 ratings,0%,3.7,https://www.ratemyprofessors.com/professor/1797681
388,Hilal Kara,5.0,2 ratings,100%,N/A,https://www.ratemyprofessors.com/professor/2893519
389,Victoria  Armstrong,1.0,1 ratings,0%,N/A,https://www.ratemyprofessors.com/professor/3030569
390,Anne M C Godlewska,3.4,39 ratings,25%,3.1,https://www.ratemyprofessors.com/professor/166190
391,Daryl Wilson,2.3,3 ratings,34%,3.7,https://www.ratemyprofessors.com/professor/2991596
392,Jonas Jacobson,2.0,1 ratings,0%,N/A,https://www.ratemyprofessors.com/professor/3030382
393,Matthew Lee,1.0,8 ratings,0%,N/A,https://www.ratemyprofessors.com/professor/2872543
394,Horse Tweak,3.2,6 ratings,67%,4.2,https://www.ratemyprofessors.com/professor/3028911
395,Colin Simonds,4.2,6 ratings,84%,2.3,https://www.ratemyprofessors.com/professor/2674506
396,Glen Takahara,3.9,17 ratings,100%,3.2,https://www.ratemyprofessors.com/professor/119620
397,Selim Topaloglu,2.9,8 ratings,38%,3.5,https://www.ratemyprofessors.com/professor/2689772
398,Amy Wu,1.6,7 ratings,15%,N/A,https://www.ratemyprofessors.com/professor/2582604
399,Henry Laycock,3.5,43 ratings,50%,3.3,https://www.ratemyprofessors.com/professor/45433
400,Carleigh Milburn,4.0,2 ratings,100%,N/A,https://www.ratemyprofessors.com/professor/3016991
401,Sarah Moon,1.0,7 ratings,0%,4.6,https://www.ratemyprofessors.com/professor/2621636
402,Alison Taylor,4.3,3 ratings,100%,3.7,https://www.ratemyprofessors.com/professor/2940114
403,Nic Fellini,4.3,3 ratings,67%,2.7,https://www.ratemyprofessors.com/professor/2876147
404,Jeffrey Leung,5.0,2 ratings,100%,2.5,https://www.ratemyprofessors.com/professor/2889104
405,Philippe Gauthier,4.7,441 ratings,95%,2.8,https://www.ratemyprofessors.com/professor/2301742
406,Colin Grey,3.0,3 ratings,67%,N/A,https://www.ratemyprofessors.com/professor/2886091
407,Scott-Morgan Straker,4.1,59 ratings,90%,3.3,https://www.ratemyprofessors.com/professor/11684
408,Jean-Paul Roy,3.4,38 ratings,60%,3.1,https://www.ratemyprofessors.com/professor/1865056
409,Lucia Lee,3.5,2 ratings,50%,N/A,https://www.ratemyprofessors.com/professor/3010084
410,D Jean Hutchinson,4.3,19 ratings,100%,2.6,https://www.ratemyprofessors.com/professor/163774
411,Elizabeth Steel,5.0,1 ratings,100%,N/A,https://www.ratemyprofessors.com/professor/3022680
412,Susan Yates,4.1,12 ratings,73%,3.2,https://www.ratemyprofessors.com/professor/1978245
413,Mary C Olmstead,2.6,26 ratings,0%,3.6,https://www.ratemyprofessors.com/professor/73228
414,Marta Straznicky,3.4,24 ratings,75%,2.8,https://www.ratemyprofessors.com/professor/56347
415,Kelly McDevitt,4.2,5 ratings,80%,2.8,https://www.ratemyprofessors.com/professor/2944674
416,Frederique Offredi,2.9,10 ratings,70%,2.9,https://www.ratemyprofessors.com/professor/2591911
417,Stevenson Fergus,3.4,33 ratings,62%,2.7,https://www.ratemyprofessors.com/professor/837573
418,Richard Sellens,1.9,24 ratings,30%,N/A,https://www.ratemyprofessors.com/professor/1261110
419,Christopher Miners,4.8,18 ratings,92%,3.2,https://www.ratemyprofessors.com/professor/1450830
420,Michael Reyes,4.6,9 ratings,89%,3.2,https://www.ratemyprofessors.com/professor/2195971
421,Laura Szczyrba,2.3,3 ratings,34%,4.3,https://www.ratemyprofessors.com/professor/2896944
422,Michael Rainbow,2.0,2 ratings,50%,4.5,https://www.ratemyprofessors.com/professor/2952740
423,Elizabeth Hanson,2.6,48 ratings,25%,2.7,https://www.ratemyprofessors.com/professor/11236
424,Nancy Van Deusen,4.4,10 ratings,72%,3.4,https://www.ratemyprofessors.com/professor/1549389
425,Christa Pufahl,4.8,17 ratings,100%,N/A,https://www.ratemyprofessors.com/professor/2572748
426,Cheryl Cline,5.0,4 ratings,100%,2.5,https://www.ratemyprofessors.com/professor/2681560
427,Heather A Evans,2.5,59 ratings,29%,N/A,https://www.ratemyprofessors.com/professor/429196
428,Glenville Jones,2.8,34 ratings,17%,3.4,https://www.ratemyprofessors.com/professor/30038
429,Jeffrey Collins,3.6,8 ratings,75%,2.8,https://www.ratemyprofessors.com/professor/2622177
430,Jeffery Collins,4.1,25 ratings,67%,3.2,https://www.ratemyprofessors.com/professor/537096
431,Tatsiana Levina,1.5,12 ratings,19%,3.5,https://www.ratemyprofessors.com/professor/2100613
432,Colleen Renihan,4.1,7 ratings,72%,2.9,https://www.ratemyprofessors.com/professor/2239465
433,Mahdi Mohebbi,2.3,6 ratings,34%,3.2,https://www.ratemyprofessors.com/professor/2825544
434,Scott Berthelette,5.0,14 ratings,100%,2.5,https://www.ratemyprofessors.com/professor/2626976
435,Callie Callon,5.0,2 ratings,100%,N/A,https://www.ratemyprofessors.com/professor/2755191
436,John McGarry,4.1,24 ratings,78%,2.8,https://www.ratemyprofessors.com/professor/263837
437,Richard Greenfield,4.1,20 ratings,75%,3.3,https://www.ratemyprofessors.com/professor/187784
438,Oded Haklai,3.9,32 ratings,86%,N/A,https://www.ratemyprofessors.com/professor/593575
439,Paul Chipperton,4.6,14 ratings,93%,3.8,https://www.ratemyprofessors.com/professor/2099126
440,Kyle Hanniman,4.1,7 ratings,100%,3.4,https://www.ratemyprofessors.com/professor/2077502
441,Elliot Paul,3.8,4 ratings,75%,2.8,https://www.ratemyprofessors.com/professor/2800745
442,Allison Goebel,3.8,12 ratings,100%,N/A,https://www.ratemyprofessors.com/professor/306967
443,Jane Tolmie,3.9,25 ratings,64%,2.6,https://www.ratemyprofessors.com/professor/1099038
444,Petra Fachinger,4.5,18 ratings,89%,1.9,https://www.ratemyprofessors.com/professor/183183
445,Ting Hu,3.2,32 ratings,50%,3.6,https://www.ratemyprofessors.com/professor/2569705
446,Rahul Kumar,4.1,24 ratings,80%,2.8,https://www.ratemyprofessors.com/professor/599471
447,Jordan Desmond,3.7,3 ratings,67%,2.7,https://www.ratemyprofessors.com/professor/2958560
448,Karen Ye,1.5,2 ratings,0%,N/A,https://www.ratemyprofessors.com/professor/2854595
449,Joshua Paul,5.0,1 ratings,100%,N/A,https://www.ratemyprofessors.com/professor/3014427
450,Paul Grogan,4.3,32 ratings,83%,3.3,https://www.ratemyprofessors.com/professor/602468
451,Abhishek Bharadwaj,2.4,14 ratings,36%,3.1,https://www.ratemyprofessors.com/professor/2719719
452,Jillian O’Connor,2.3,3 ratings,34%,3.3,https://www.ratemyprofessors.com/professor/2946656
453,Daniel Woolf,4.5,2 ratings,100%,N/A,https://www.ratemyprofessors.com/professor/1602367
454,Stanka A Fitneva,2.6,49 ratings,0%,3.9,https://www.ratemyprofessors.com/professor/241628
455,David Alan Hanes,4.2,37 ratings,64%,2.5,https://www.ratemyprofessors.com/professor/103711
456,R Drew Griffith,4.3,36 ratings,30%,1.8,https://www.ratemyprofessors.com/professor/216284
457,Sylvat Aziz,3.7,27 ratings,100%,3.4,https://www.ratemyprofessors.com/professor/172695
458,Kristin Moriah,1.0,4 ratings,0%,3.5,https://www.ratemyprofessors.com/professor/2686920
459,Mélanie Proulx,3.0,1 ratings,0%,N/A,https://www.ratemyprofessors.com/professor/3011860
460,Ernst Kani,2.2,24 ratings,38%,3.4,https://www.ratemyprofessors.com/professor/150610
461,Rebecca Hall,4.7,3 ratings,100%,2.3,https://www.ratemyprofessors.com/professor/2850232
462,Scott Rutherford,3.1,11 ratings,58%,3.6,https://www.ratemyprofessors.com/professor/1824593
463,Yanglei Song,4.9,9 ratings,89%,2.7,https://www.ratemyprofessors.com/professor/2611653
464,Katherine Romba,4.5,27 ratings,83%,2.8,https://www.ratemyprofessors.com/professor/1240589
465,Baixuan Yang,4.0,1 ratings,100%,N/A,https://www.ratemyprofessors.com/professor/3002059
466,Monica LaBarge,1.1,7 ratings,0%,4.4,https://www.ratemyprofessors.com/professor/2696697
467,Emre  Demirci,5.0,1 ratings,100%,N/A,https://www.ratemyprofessors.com/professor/3009161
468,Ilmin Kim,3.8,18 ratings,58%,3.3,https://www.ratemyprofessors.com/professor/248386
469,Veikko Thiele,4.7,16 ratings,100%,2.4,https://www.ratemyprofessors.com/professor/1829341
470,Wai-Yip Geoffrey Chan,2.6,12 ratings,0%,3.3,https://www.ratemyprofessors.com/professor/352970
471,Rachel Laforest,4.3,9 ratings,100%,2.2,https://www.ratemyprofessors.com/professor/2678615
472,Abdol-Reza Mansouri,3.7,13 ratings,20%,3.6,https://www.ratemyprofessors.com/professor/908929
473,Younggun Kim,5.0,2 ratings,100%,N/A,https://www.ratemyprofessors.com/professor/2930092
474,Kornel  Wolak,4.0,1 ratings,100%,N/A,https://www.ratemyprofessors.com/professor/2889103
475,Luis Flores,3.6,7 ratings,58%,3.9,https://www.ratemyprofessors.com/professor/2444939
476,Bruce Banfield,5.0,4 ratings,100%,2.5,https://www.ratemyprofessors.com/professor/2764559
477,Gema Olivo,3.4,18 ratings,34%,2.9,https://www.ratemyprofessors.com/professor/163773
478,Ugo Piomelli,2.7,13 ratings,40%,4.3,https://www.ratemyprofessors.com/professor/1402057
479,Kevin Laughren,4.9,10 ratings,100%,2.7,https://www.ratemyprofessors.com/professor/2881589
480,Vahid Fallah,2.3,3 ratings,0%,2.7,https://www.ratemyprofessors.com/professor/2873536
481,Geoffrey Hall,3.5,2 ratings,100%,N/A,https://www.ratemyprofessors.com/professor/2996919
482,Adugna Olani,2.8,4 ratings,0%,2.8,https://www.ratemyprofessors.com/professor/2012573
483,Farhana Zulkernine,1.3,39 ratings,6%,3.6,https://www.ratemyprofessors.com/professor/1925226
484,Patrick H Oosthuizen,4.8,34 ratings,100%,1.7,https://www.ratemyprofessors.com/professor/21819
485,Joseph Kangmennaang,3.7,3 ratings,67%,N/A,https://www.ratemyprofessors.com/professor/2827296
486,Rebecca Smith,2.7,3 ratings,34%,N/A,https://www.ratemyprofessors.com/professor/2659604
487,Ayca Tomac,5.0,7 ratings,100%,N/A,https://www.ratemyprofessors.com/professor/2575236
488,Reza Ahmadi,3.0,1 ratings,0%,N/A,https://www.ratemyprofessors.com/professor/3000081
489,Elizabeth Brule,3.0,2 ratings,50%,1.5,https://www.ratemyprofessors.com/professor/2875081
490,Tim Smith,4.7,44 ratings,100%,2.8,https://www.ratemyprofessors.com/professor/27273
491,Tamara de Szegheo Lang,5.0,2 ratings,100%,N/A,https://www.ratemyprofessors.com/professor/2671195
492,Dan Tremblay,4.1,6 ratings,67%,2.8,https://www.ratemyprofessors.com/professor/1732906
493,Rachel Kuzmich,4.0,1 ratings,100%,N/A,https://www.ratemyprofessors.com/professor/2885453
494,Andrew Jainchill,4.3,22 ratings,84%,N/A,https://www.ratemyprofessors.com/professor/469536
495,Steve Salterio,2.5,23 ratings,72%,3.5,https://www.ratemyprofessors.com/professor/440826
496,Laura Fissel,3.0,2 ratings,50%,N/A,https://www.ratemyprofessors.com/professor/2937772
497,Anya P Hageman,2.8,27 ratings,10%,N/A,https://www.ratemyprofessors.com/professor/118197
498,Caroline-Isabelle Caron,2.5,35 ratings,34%,3.2,https://www.ratemyprofessors.com/professor/176723
499,Karen Rudie,4.3,29 ratings,72%,2.8,https://www.ratemyprofessors.com/professor/35396
500,Louise Meunier,4.1,41 ratings,76%,3.9,https://www.ratemyprofessors.com/professor/2454516
501,Wenyu Jiang,4.1,12 ratings,100%,2.9,https://www.ratemyprofessors.com/professor/1407160
502,Lawrence M Widrow,2.6,23 ratings,7%,N/A,https://www.ratemyprofessors.com/professor/95469
503,Deborah Knight,3.8,28 ratings,67%,2.7,https://www.ratemyprofessors.com/professor/38996
504,Timothy Salomons,3.3,4 ratings,25%,3.8,https://www.ratemyprofessors.com/professor/2624776
505,Samuel Tsegai,1.0,1 ratings,0%,N/A,https://www.ratemyprofessors.com/professor/2823594
506,Susanne Soederberg,3.3,4 ratings,25%,3.8,https://www.ratemyprofessors.com/professor/2297600
507,Megan McAllister,5.0,6 ratings,100%,2.5,https://www.ratemyprofessors.com/professor/2748713
508,Roshni Rainbow,3.5,2 ratings,100%,N/A,https://www.ratemyprofessors.com/professor/2873539
509,Scott MacKenzie,3.0,10 ratings,63%,2.7,https://www.ratemyprofessors.com/professor/2007045
510,Eric Dumont,3.6,18 ratings,63%,3.1,https://www.ratemyprofessors.com/professor/1216502
511,Nick Graham,3.5,20 ratings,100%,3.3,https://www.ratemyprofessors.com/professor/38761
512,Cam Scholey,2.7,5 ratings,67%,4.8,https://www.ratemyprofessors.com/professor/2022967
513,Ian Fanning,3.8,17 ratings,59%,4.1,https://www.ratemyprofessors.com/professor/2661016
514,Ivan Iorsh,1.0,2 ratings,0%,N/A,https://www.ratemyprofessors.com/professor/2982929
515,Jana Raver,4.2,15 ratings,75%,2.7,https://www.ratemyprofessors.com/professor/1958635
516,Thomas Abrams,4.8,18 ratings,95%,2.6,https://www.ratemyprofessors.com/professor/2493670
517,Surulola Eke,5.0,1 ratings,100%,N/A,https://www.ratemyprofessors.com/professor/2940399
518,Sean Whitehall,4.8,9 ratings,100%,3.2,https://www.ratemyprofessors.com/professor/2680283
519,Morgan Jarvis,2.5,4 ratings,25%,N/A,https://www.ratemyprofessors.com/professor/2550852
520,Ferenc Nemeth,5.0,8 ratings,100%,2.6,https://www.ratemyprofessors.com/professor/2759641
521,Mohammad Hossain,2.0,1 ratings,0%,N/A,https://www.ratemyprofessors.com/professor/2983091
522,Daniel Lefebvre,3.5,43 ratings,38%,3.1,https://www.ratemyprofessors.com/professor/168696
523,Keiko Aoki,3.7,32 ratings,89%,N/A,https://www.ratemyprofessors.com/professor/29538
524,Kathryn Brohman,4.6,15 ratings,100%,2.5,https://www.ratemyprofessors.com/professor/372937
525,Philip Osanic,4.0,12 ratings,75%,3.1,https://www.ratemyprofessors.com/professor/955383
526,Darren McCaugherty,4.4,7 ratings,86%,2.4,https://www.ratemyprofessors.com/professor/2380746
527,Laura Lambe,4.0,3 ratings,100%,3.3,https://www.ratemyprofessors.com/professor/2545076
528,Cecilia Livingston,5.0,1 ratings,100%,N/A,https://www.ratemyprofessors.com/professor/2872531
529,Michael  Trendota,2.3,3 ratings,0%,3.3,https://www.ratemyprofessors.com/professor/2978168
530,Stephanie Lind,4.8,10 ratings,100%,3.2,https://www.ratemyprofessors.com/professor/1569355
531,Rob Haarp,3.1,4 ratings,0%,1.3,https://www.ratemyprofessors.com/professor/106420
532,Bas Vriens,5.0,1 ratings,100%,N/A,https://www.ratemyprofessors.com/professor/2874255
533,Nir Rotenberg,2.3,23 ratings,31%,4.7,https://www.ratemyprofessors.com/professor/2781276
534,Nick Bala,4.3,13 ratings,50%,3.6,https://www.ratemyprofessors.com/professor/33433
535,Erin Vearncombe,5.0,2 ratings,100%,1.5,https://www.ratemyprofessors.com/professor/2369580
536,Mahmoud Khademi,1.0,1 ratings,0%,N/A,https://www.ratemyprofessors.com/professor/2979396
537,Thorsten Koepll,2.5,9 ratings,0%,4.1,https://www.ratemyprofessors.com/professor/439588
538,Antoine Grenier Ouimet,1.0,1 ratings,0%,N/A,https://www.ratemyprofessors.com/professor/2979112
539,Jacqueline M Davies,3.5,57 ratings,65%,2.6,https://www.ratemyprofessors.com/professor/18926
540,Michael A Roth,4.6,50 ratings,100%,2.8,https://www.ratemyprofessors.com/professor/429187
541,Danielle Delaney,2.3,3 ratings,34%,3.3,https://www.ratemyprofessors.com/professor/2614333
542,Sachil Singh,3.8,34 ratings,71%,2.9,https://www.ratemyprofessors.com/professor/2437059
543,Deborah Tregunno,3.0,2 ratings,100%,3.5,https://www.ratemyprofessors.com/professor/1912359
544,Peter Lowe,4.2,18 ratings,67%,2.8,https://www.ratemyprofessors.com/professor/1076049
545,Yongjun Lai,2.4,13 ratings,0%,2.8,https://www.ratemyprofessors.com/professor/651164
546,Peng Wang,2.5,10 ratings,30%,2.3,https://www.ratemyprofessors.com/professor/2519071
547,Zhe She,3.0,5 ratings,60%,3.2,https://www.ratemyprofessors.com/professor/2478256
548,Gabor Fichtinger,4.5,4 ratings,67%,2.8,https://www.ratemyprofessors.com/professor/1338267
549,Jing Wang,5.0,1 ratings,100%,N/A,https://www.ratemyprofessors.com/professor/2886531
550,Andrew Lewis,3.4,20 ratings,30%,4.4,https://www.ratemyprofessors.com/professor/114732
551,Brad Rodgers,5.0,8 ratings,100%,2.4,https://www.ratemyprofessors.com/professor/2428710
552,Eun-Young Lee,2.3,3 ratings,34%,3.3,https://www.ratemyprofessors.com/professor/2827298
553,Suzan Eren,4.5,11 ratings,91%,3.7,https://www.ratemyprofessors.com/professor/2279826
554,David Skillicorn,2.4,57 ratings,20%,3.7,https://www.ratemyprofessors.com/professor/10123
555,Arcan Nalca,3.4,14 ratings,34%,2.9,https://www.ratemyprofessors.com/professor/1193649
556,Li-Jun Ji,3.1,32 ratings,100%,2.8,https://www.ratemyprofessors.com/professor/108384
557,victoria  seta cosby,3.5,2 ratings,50%,1.5,https://www.ratemyprofessors.com/professor/2962714
558,Evan Dudley,1.6,5 ratings,20%,3.6,https://www.ratemyprofessors.com/professor/1987464
559,Adam Cook,5.0,1 ratings,100%,N/A,https://www.ratemyprofessors.com/professor/2957931
560,Kathryn Leslie Harkness,4.8,15 ratings,100%,2.8,https://www.ratemyprofessors.com/professor/115528
561,Jianbing Ni,1.3,4 ratings,25%,3.5,https://www.ratemyprofessors.com/professor/2657673
562,Robert Way,3.0,1 ratings,0%,N/A,https://www.ratemyprofessors.com/professor/2920962
563,Sameh Basta,3.9,5 ratings,0%,3.6,https://www.ratemyprofessors.com/professor/871875
564,Dr. Brooke  Cameron,4.5,2 ratings,50%,1.5,https://www.ratemyprofessors.com/professor/2898226
565,Frank Milne,3.1,23 ratings,100%,2.8,https://www.ratemyprofessors.com/professor/439598
566,Ram Murty,5.0,9 ratings,100%,2.2,https://www.ratemyprofessors.com/professor/146682
567,Giusy Mazzone,1.0,4 ratings,0%,N/A,https://www.ratemyprofessors.com/professor/2848920
568,Mohamed Khimji,2.5,2 ratings,50%,4.5,https://www.ratemyprofessors.com/professor/2896866
569,Julie Gregory,2.5,5 ratings,0%,3.2,https://www.ratemyprofessors.com/professor/1508998
570,Thomas Barthelme,3.0,3 ratings,67%,N/A,https://www.ratemyprofessors.com/professor/2931995
571,David S Strong,2.5,19 ratings,10%,4.3,https://www.ratemyprofessors.com/professor/221510
572,Kelsey Jacobson,5.0,13 ratings,100%,2.7,https://www.ratemyprofessors.com/professor/2257630
573,Kyle Ross,3.8,12 ratings,67%,2.8,https://www.ratemyprofessors.com/professor/2667805
574,Lorena Jessop,3.1,9 ratings,50%,2.4,https://www.ratemyprofessors.com/professor/1857142
575,Hisham Elbatarny,4.9,42 ratings,100%,3.6,https://www.ratemyprofessors.com/professor/738512
576,A Keith Pilkey,3.6,31 ratings,40%,3.6,https://www.ratemyprofessors.com/professor/108123
577,Christine Coulter,3.3,28 ratings,57%,3.7,https://www.ratemyprofessors.com/professor/1518688
578,Louis Gagnon,3.1,56 ratings,42%,3.8,https://www.ratemyprofessors.com/professor/29701
579,Ruth Cereceda,4.4,5 ratings,100%,N/A,https://www.ratemyprofessors.com/professor/2617134
580,Ryan Grant,3.8,4 ratings,50%,4.3,https://www.ratemyprofessors.com/professor/2791800
581,Elena Cecchetto,4.8,6 ratings,100%,2.5,https://www.ratemyprofessors.com/professor/2027907
582,Juliane Okot Bitek,1.0,2 ratings,0%,N/A,https://www.ratemyprofessors.com/professor/2763444
583,Amanda Watson,1.0,1 ratings,0%,N/A,https://www.ratemyprofessors.com/professor/2963452
584,Matthew Reeve,3.0,26 ratings,36%,N/A,https://www.ratemyprofessors.com/professor/1340413
585,Mark Daymond,3.1,8 ratings,50%,3.5,https://www.ratemyprofessors.com/professor/1213729
586,Julien Lefort-Favreau,5.0,6 ratings,100%,3.2,https://www.ratemyprofessors.com/professor/2609113
587,Madison Robertson,5.0,1 ratings,100%,N/A,https://www.ratemyprofessors.com/professor/2763604
588,Fiona Kay,4.8,99 ratings,96%,3.4,https://www.ratemyprofessors.com/professor/86943
589,Fran Bonier,3.9,7 ratings,72%,3.3,https://www.ratemyprofessors.com/professor/2317667
590,El Zahraa  Majed,2.0,1 ratings,0%,N/A,https://www.ratemyprofessors.com/professor/2867513
591,Jackson Crane,5.0,1 ratings,100%,N/A,https://www.ratemyprofessors.com/professor/2952738
592,Megan Welton,5.0,1 ratings,100%,N/A,https://www.ratemyprofessors.com/professor/2931718
593,Patricia Collins,1.6,5 ratings,0%,N/A,https://www.ratemyprofessors.com/professor/1892654
594,Ozge Girgin,3.0,3 ratings,67%,2.7,https://www.ratemyprofessors.com/professor/2934578
595,Benjamin Kutsyuruba,3.7,3 ratings,100%,2.7,https://www.ratemyprofessors.com/professor/1653508
596,Robert Hyland,4.3,18 ratings,100%,2.7,https://www.ratemyprofessors.com/professor/1779720
597,John Allingham,4.3,17 ratings,90%,3.1,https://www.ratemyprofessors.com/professor/1150201
598,Mark Ormiston,3.4,11 ratings,64%,3.8,https://www.ratemyprofessors.com/professor/2629868
599,Bernadette Resurreccion,2.3,3 ratings,34%,3.7,https://www.ratemyprofessors.com/professor/2789786
600,Andrea Speltz,5.0,2 ratings,100%,4.5,https://www.ratemyprofessors.com/professor/1144629
601,David Detomasi,3.7,6 ratings,67%,3.2,https://www.ratemyprofessors.com/professor/2220627
602,Alois Peter Freundorfer,3.2,37 ratings,91%,4.1,https://www.ratemyprofessors.com/professor/113033
603,Aaron Vincent,4.8,10 ratings,100%,N/A,https://www.ratemyprofessors.com/professor/2783739
604,Terry Hancock,2.0,7 ratings,15%,4.1,https://www.ratemyprofessors.com/professor/2647849
605,Robert G Knobel,3.0,5 ratings,0%,2.8,https://www.ratemyprofessors.com/professor/589783
606,Rachel Theriault,4.9,7 ratings,100%,2.9,https://www.ratemyprofessors.com/professor/2872998
607,Anna Taylor,4.5,6 ratings,100%,3.2,https://www.ratemyprofessors.com/professor/2231063
608,Laurence Ashworth,3.0,14 ratings,0%,3.4,https://www.ratemyprofessors.com/professor/580314
609,Scott S H Yam,2.1,26 ratings,20%,3.3,https://www.ratemyprofessors.com/professor/540945
610,Reena Kukreja,2.4,25 ratings,14%,3.7,https://www.ratemyprofessors.com/professor/553491
611,Jeffery Lalonde,2.8,20 ratings,47%,3.1,https://www.ratemyprofessors.com/professor/1069131
612,Tom Hollenstein,3.0,15 ratings,29%,3.3,https://www.ratemyprofessors.com/professor/656170
613,Susan Bartholomew,4.2,15 ratings,77%,3.1,https://www.ratemyprofessors.com/professor/923987
614,Danielle MacDonald,2.4,5 ratings,40%,N/A,https://www.ratemyprofessors.com/professor/2666475
615,Owen Clifton,5.0,5 ratings,100%,2.6,https://www.ratemyprofessors.com/professor/2823165
616,Guy Crawford,4.5,2 ratings,100%,N/A,https://www.ratemyprofessors.com/professor/2937505
617,AMy Sun,2.0,1 ratings,0%,N/A,https://www.ratemyprofessors.com/professor/2933549
618,Christopher J Fanning,4.7,50 ratings,100%,3.2,https://www.ratemyprofessors.com/professor/148949
619,Brent Hickman,3.5,10 ratings,60%,4.5,https://www.ratemyprofessors.com/professor/2340976
620,John Phelan,3.5,3 ratings,50%,1.7,https://www.ratemyprofessors.com/professor/2095711
621,Lori Vos,2.7,6 ratings,34%,3.7,https://www.ratemyprofessors.com/professor/2121306
622,Joel Sokolsky,4.6,9 ratings,100%,2.7,https://www.ratemyprofessors.com/professor/39613
623,Nikki Philbrook,1.0,1 ratings,0%,N/A,https://www.ratemyprofessors.com/professor/2868864
624,Martin Hand,4.6,17 ratings,84%,3.2,https://www.ratemyprofessors.com/professor/533881
625,Kevin Woo,1.6,13 ratings,19%,N/A,https://www.ratemyprofessors.com/professor/1629704
626,Nancy Martin,2.5,27 ratings,7%,3.6,https://www.ratemyprofessors.com/professor/32743
627,Jeff McNairn,4.0,15 ratings,80%,3.1,https://www.ratemyprofessors.com/professor/74102
628,Kathleen Lahey,3.0,20 ratings,50%,2.6,https://www.ratemyprofessors.com/professor/15238
629,Mike Lavender,3.8,5 ratings,80%,2.4,https://www.ratemyprofessors.com/professor/2709779
630,Robert J Gooding,3.0,40 ratings,100%,4.4,https://www.ratemyprofessors.com/professor/133019
631,George Lovell,3.9,29 ratings,75%,2.4,https://www.ratemyprofessors.com/professor/27673
632,Jordan E Morelli,4.3,20 ratings,34%,3.4,https://www.ratemyprofessors.com/professor/365891
633,Greg van Anders,4.5,8 ratings,88%,2.8,https://www.ratemyprofessors.com/professor/2489064
634,Gregory G Smith,3.9,38 ratings,62%,3.9,https://www.ratemyprofessors.com/professor/479030
635,Christina Benzing,1.4,17 ratings,6%,4.4,https://www.ratemyprofessors.com/professor/2885210
636,Nick Hudon,2.1,10 ratings,40%,4.4,https://www.ratemyprofessors.com/professor/2438869
637,Margaret Maliszewska,5.0,5 ratings,100%,2.4,https://www.ratemyprofessors.com/professor/2099295
638,Laura Kinderman,2.0,4 ratings,25%,N/A,https://www.ratemyprofessors.com/professor/2369588
639,Laura Nagel,3.7,3 ratings,67%,N/A,https://www.ratemyprofessors.com/professor/2612369
640,Anwar Husain,4.9,15 ratings,94%,2.9,https://www.ratemyprofessors.com/professor/2485059
641,Steven Asselin,3.8,6 ratings,84%,3.3,https://www.ratemyprofessors.com/professor/2419518
642,Mohammad Zulkernine,3.2,9 ratings,50%,2.8,https://www.ratemyprofessors.com/professor/299593
643,David Bakhurst,4.6,16 ratings,100%,3.1,https://www.ratemyprofessors.com/professor/89544
644,Debra Haak,4.0,15 ratings,67%,3.7,https://www.ratemyprofessors.com/professor/2647359
645,Beverley Baines,1.9,9 ratings,23%,4.2,https://www.ratemyprofessors.com/professor/2354124
646,Stephanie Dickey,4.5,4 ratings,75%,N/A,https://www.ratemyprofessors.com/professor/2487967
647,Jennifer Kennedy,5.0,2 ratings,100%,2.5,https://www.ratemyprofessors.com/professor/2828567
648,Prerna  Subramanian,3.5,2 ratings,100%,3.5,https://www.ratemyprofessors.com/professor/2922635
649,Bradley Stoner,4.7,3 ratings,100%,N/A,https://www.ratemyprofessors.com/professor/2705549
650,Scott Squires,3.3,4 ratings,75%,4.5,https://www.ratemyprofessors.com/professor/2825676
651,Peter R Richardson,3.1,14 ratings,34%,N/A,https://www.ratemyprofessors.com/professor/350436
652,Ning Zhang,2.7,19 ratings,40%,3.6,https://www.ratemyprofessors.com/professor/1958636
653,Elizabeth Goodyear-Grant,4.0,19 ratings,67%,2.4,https://www.ratemyprofessors.com/professor/975830
654,Michael Darling,5.0,2 ratings,100%,N/A,https://www.ratemyprofessors.com/professor/2870615
655,Awet Weldemichael,2.2,10 ratings,30%,2.9,https://www.ratemyprofessors.com/professor/2231396
656,Eugenia Dos Santos,3.2,3 ratings,100%,3.3,https://www.ratemyprofessors.com/professor/1146570
657,Benjamin Cecchetto,1.2,6 ratings,0%,4.2,https://www.ratemyprofessors.com/professor/2578094
658,Kimberley Debassige,5.0,2 ratings,100%,1.5,https://www.ratemyprofessors.com/professor/2768028
659,Robbie MacKay,3.2,15 ratings,58%,3.1,https://www.ratemyprofessors.com/professor/1905417
660,Sedan Kelebek,4.3,9 ratings,100%,2.2,https://www.ratemyprofessors.com/professor/111279
661,Naceur Essaddam,4.0,7 ratings,72%,2.7,https://www.ratemyprofessors.com/professor/2780016
662,David Zechel,3.2,58 ratings,60%,3.5,https://www.ratemyprofessors.com/professor/730714
663,Maram Assi,3.0,1 ratings,0%,N/A,https://www.ratemyprofessors.com/professor/2891446
664,Nageena Frost,3.5,2 ratings,50%,N/A,https://www.ratemyprofessors.com/professor/2231045
665,Michael Pratt,3.9,23 ratings,70%,3.9,https://www.ratemyprofessors.com/professor/251405
666,Catherine Conaghan,4.2,46 ratings,100%,2.8,https://www.ratemyprofessors.com/professor/39615
667,Åsbjørn Melkevik,5.0,2 ratings,100%,2.5,https://www.ratemyprofessors.com/professor/2886072
668,Alicia Finan,5.0,1 ratings,100%,N/A,https://www.ratemyprofessors.com/professor/2863150
669,Mary-Rita Holland,5.0,1 ratings,100%,N/A,https://www.ratemyprofessors.com/professor/2390363
670,Selim G Akl,4.3,40 ratings,67%,2.4,https://www.ratemyprofessors.com/professor/29852
671,Stephanie Martel,3.6,5 ratings,60%,3.4,https://www.ratemyprofessors.com/professor/2552718
672,Samantha Twietmeyer,2.0,1 ratings,0%,N/A,https://www.ratemyprofessors.com/professor/2912402
673,Dax D'Orazio,4.0,1 ratings,100%,N/A,https://www.ratemyprofessors.com/professor/2912404
674,Philip G Jessop,4.2,20 ratings,100%,3.2,https://www.ratemyprofessors.com/professor/221145
675,Ronald Easteal,4.2,69 ratings,84%,2.7,https://www.ratemyprofessors.com/professor/30764
676,Xiaodan Zhu,5.0,4 ratings,100%,2.5,https://www.ratemyprofessors.com/professor/2391139
677,Aoki Keiko,4.5,2 ratings,100%,N/A,https://www.ratemyprofessors.com/professor/1659157
678,Amr El-Wakeel,3.0,5 ratings,60%,2.8,https://www.ratemyprofessors.com/professor/2719337
679,Kimberly B McAuley,3.8,27 ratings,56%,2.9,https://www.ratemyprofessors.com/professor/15755
680,Martina Hardwick,3.0,21 ratings,17%,3.7,https://www.ratemyprofessors.com/professor/429209
681,Ali Etemad,3.1,7 ratings,58%,2.9,https://www.ratemyprofessors.com/professor/2341494
682,Ning Lu,4.5,2 ratings,100%,N/A,https://www.ratemyprofessors.com/professor/2887857
683,Fady Abdelaal,5.0,1 ratings,100%,N/A,https://www.ratemyprofessors.com/professor/2740815
684,Ana Siljak,4.5,39 ratings,92%,3.4,https://www.ratemyprofessors.com/professor/586403
685,Laurent Beland,2.8,12 ratings,42%,3.8,https://www.ratemyprofessors.com/professor/2603000
686,Olena Ivus,4.6,7 ratings,86%,3.1,https://www.ratemyprofessors.com/professor/2470669
687,Noor Shakfa,4.3,3 ratings,67%,N/A,https://www.ratemyprofessors.com/professor/2817719
688,Claire Davies,3.0,1 ratings,0%,N/A,https://www.ratemyprofessors.com/professor/2892035
689,M Barbara Reeves,3.1,42 ratings,100%,2.8,https://www.ratemyprofessors.com/professor/374686
690,Lynne Hanson,3.0,22 ratings,100%,2.2,https://www.ratemyprofessors.com/professor/163785
691,Nicolas Lamp,3.1,17 ratings,67%,N/A,https://www.ratemyprofessors.com/professor/1987817
692,Robert Ross,2.5,9 ratings,50%,4.1,https://www.ratemyprofessors.com/professor/2022591
693,Kerim Kartal,5.0,4 ratings,100%,2.5,https://www.ratemyprofessors.com/professor/2242646
694,Jesyka Taylor,2.0,1 ratings,0%,N/A,https://www.ratemyprofessors.com/professor/2899296
695,Rob Beamish,3.6,80 ratings,75%,2.7,https://www.ratemyprofessors.com/professor/165539
696,Allen MacDuffie,5.0,2 ratings,100%,2.5,https://www.ratemyprofessors.com/professor/2874066
697,Jessica Selinger,2.0,5 ratings,20%,4.2,https://www.ratemyprofessors.com/professor/2454360
698,Ahmad Al-Baghdadi,4.4,5 ratings,100%,3.4,https://www.ratemyprofessors.com/professor/2851109
699,Elijah Bisung,3.0,6 ratings,67%,1.8,https://www.ratemyprofessors.com/professor/2544671
